Date,BEDOK CANAL,BEDOK RESERVOIR,EAST COAST LAGOON,GEYLANG RIVER,JURONG LAKE,KALLANG BASIN,KALLANG RIVER,KRANJI RESERVOIR,LAKE LITTLE GUILIN,LOWER PEIRCE RESERVOIR,LOWER SELETAR RESERVOIR,MACRITCHIE RESERVOIR,MARINA BAY,MURAI RESERVOIR,PANDAN RESERVOIR,PELTON CANAL,POYAN RESERVOIR,ROCHOR CANAL,ROCHOR RIVER,SARIMBUN RESERVOIR,SIGLAP CANAL,SINGAPORE RIVER,SUNGEI API API,SUNGEI BEDOK,SUNGEI BERIH,SUNGEI BULOH WETLAND RESERVE,SUNGEI CHANGI,SUNGEI HALUS,SUNGEI JURONG,SUNGEI KANGKAR,SUNGEI KETAPANG,SUNGEI KHATIB BONGSU,SUNGEI LANCHAR,SUNGEI LOYANG,SUNGEI MANDAI,SUNGEI MANDAI KECHIL,SUNGEI PANDAN,SUNGEI PANG SUA,SUNGEI PENG SIANG,SUNGEI PINANG,SUNGEI PUNGGOL,SUNGEI SELARANG,SUNGEI SELETAR,SUNGEI SEMBAWANG,SUNGEI SERANGOON,SUNGEI SIMPANG,SUNGEI TAMPINES,SUNGEI TENGAH,SUNGEI THO PEK KONG,SUNGEI ULU PANDAN,SUNGEI WHAMPOA,TAMPINES QUARRY PARK,TENGEH RESERVOIR,ULU PANDAN CANAL,UPPER PEIRCE RESERVOIR,UPPER SELETAR RESERVOIR,YISHUN POND
Jan 2015,1.103826986,1.155599792,1.038297086,0.257772433,0.806581181,0.555019569,0.480609053,0.870395752,0.955257013,0.763028908,0.615751919,0.617149734,0.673615993,0.72097992,0.523225472,0.412068247,0.902912621,0.519058577,0.432850854,0.41758517,0.671000708,0.633370453,-0.09632559,0.917415877,1.172523227,1.245507966,-0.255270076,0.093429588,0.644891107,0.944048048,0.757140782,0.549911935,0.624715089,-0.021853394,1.06893119,1.017470614,0.49308152,0.758747588,0.824668928,0.928434605,0.848809168,-0.109282314,0.391882048,-0.116017222,0.996670036,0.356558419,0.12602814,0.887659035,1.180721897,0.538599339,0.420177595,1.166430013,0.525084599,0.319941889,0.575659138,0.729927811,0.334572395
Feb 2015,-0.885879665,-0.568110053,-0.391675127,-0.410887512,-1.134401001,0.085741003,-0.36956693,-1.48281843,-1.230538471,-1.194931016,-1.357563138,-1.243313746,0.610772927,-1.366152191,-1.16272843,-0.540733319,-0.301050045,-0.026872496,-0.081381439,-1.405349088,-0.445689962,0.557501573,-0.739416571,-1.016709757,-0.294539873,-1.583735268,-1.476167691,-1.266316656,-1.136494101,-1.423785319,-0.860236098,-1.665153087,-1.14404834,-0.92274082,-1.003007951,-0.885450491,-1.123429179,-1.302617322,-1.716119068,-1.53451626,-1.53528124,-1.262053301,-1.410962373,-2.055022156,-1.341188159,-1.724716825,-0.672312972,-1.787645637,-0.203473609,-1.038070777,-0.29888718,-0.444306473,0.017142994,-1.318505926,-1.269860543,-1.071134752,-1.477824733
Mar 2015,-0.189970129,-0.28798603,0.450330846,-0.148616471,-0.113086473,-0.087889124,-0.38937009,0.384216231,-0.595932105,-0.655906625,0.07241588,-0.517069723,0.476235819,0.154597591,-0.162122367,-0.348058776,0.456225697,-0.372829093,-0.355018025,0.097535047,0.008013941,0.477805056,-0.376769845,-0.11858619,0.514181981,0.163231411,-0.698791227,-0.361428287,0.257503907,0.612680632,-0.035574237,0.377673239,0.304085321,-0.417532607,0.028743409,-0.064671318,-0.433930311,-0.439489532,0.322919399,0.11364787,0.044150761,-0.57034309,-0.431963572,-0.063498553,0.042292911,0.472108736,-0.407710786,0.354691285,0.553179699,-0.702394744,-0.544428403,-0.41060747,0.68612564,-0.636916034,-0.838227477,0.063733065,0.116972226
Apr 2015,-0.452325375,-0.538968491,-0.386659541,-0.419792018,-0.447089185,-0.066052453,0.17655961,0.091976345,-0.420821545,1.092750481,-0.356957595,0.100148635,0.068330314,0.789937903,0.102993137,-0.016326634,0.62190909,0.157583105,-0.078316946,0.803878645,-0.526730053,0.1242822,-1.150445284,-0.575499366,0.741245094,1.01728596,-0.903527501,-1.448650874,-0.284736157,0.815585485,-0.434403674,-0.730269738,-0.698338209,-0.841328863,-0.734774073,-0.766718348,0.193320969,0.768986162,0.97419046,0.660136489,0.314102738,-0.970870039,-0.688981831,-1.320183402,0.542404844,-0.803974783,-0.679810827,0.804494229,0.877199392,0.059593852,0.13005673,-0.761685571,0.135297262,-0.442882175,0.591951249,-0.409664957,-0.755634687
May 2015,-0.250916342,-0.19748228,-0.884129841,-0.485993588,-0.421453288,-0.512223421,-0.456799952,-0.03168705,0.413486135,0.372876393,0.149347303,0.236842575,-0.169830087,-0.466036614,-1.381972416,-0.336117242,-0.421636003,-0.443827993,-0.572114549,-0.258563275,-0.176613796,-0.314644423,0.131056811,-0.327431016,-0.569295532,-0.663584066,-0.466045056,-0.055725169,-1.155603152,-1.16223234,-0.459750408,0.131082165,-0.555909258,0.257378732,0.309005244,-0.371338655,-1.493064156,0.605916586,-0.217421264,-1.371355094,-2.198388161,0.262943919,0.644928201,1.627493613,-1.288638481,1.151027426,0.244385568,-0.158038658,-0.625229002,-1.151761514,-0.379815328,-0.386670631,-0.846454989,-0.463289404,0.15869571,0.404192866,0.271875813
Jun 2015,-1.526617161,-1.409346015,-1.631189267,-1.33369101,-0.150675329,-0.918116469,-0.720295404,-0.227421612,0.098335769,-0.29571217,0.544334362,0.017481284,-0.173149628,0.489082118,0.552709802,-1.114634638,-0.444746753,-0.498682149,-0.93382012,0.348697978,-1.366527345,0.100891575,-0.683730991,-1.424272481,-0.454049547,0.542033137,-0.274693735,-0.192193235,0.237310416,0.41097502,-0.999533668,0.705520518,-0.809541803,-1.055706872,-1.122687898,-1.103878939,0.623998139,-0.708370265,-0.507180615,-0.423780038,-0.006030129,-0.963996059,0.056626233,-0.725837813,-0.50262899,0.401328157,-1.219116211,-0.543658241,-0.585212145,0.561984482,-0.742055401,-1.293615872,-0.153254689,0.489758569,-0.02124074,-0.811346511,0.593603727
Jul 2015,1.743818444,1.571874237,1.618790755,1.448077845,1.039700387,1.76153146,1.131124602,1.685791437,1.085094898,1.178276847,1.533696439,1.045507173,1.548794867,0.194445372,0.798847805,1.139156131,-0.494672567,1.545880879,1.600364538,0.935698463,1.451669139,1.400606866,1.911292227,1.903574459,-0.459169387,1.746220797,1.780469579,1.734566617,0.893634074,0.891932324,1.873519045,1.581039369,0.830289121,1.886358249,2.086354267,1.715527421,0.804096516,1.132747651,0.882901214,1.059055511,0.942237439,2.008451694,1.916845904,2.45050947,1.02760076,1.487063021,1.793320929,0.300421087,-0.788685317,0.912198794,1.224456748,1.538634957,-0.097390988,0.734010272,1.686001454,0.640818619,1.929688685
Aug 2015,-0.028061781,-0.153703425,0.693513651,-0.142040883,-0.207420419,0.233014986,-0.467671768,0.028041239,-0.526721038,-0.257293627,0.313868206,-0.325659933,0.67001451,0.006112076,-0.47275871,-0.626769783,-0.425034912,0.060113676,-0.056037578,-0.34799457,-0.015897012,0.619106251,-0.128859612,-0.01770836,-0.761902055,-0.588387849,-0.428233205,0.021380933,-0.213047126,-0.307377987,-0.04267576,0.260027786,0.108869625,-0.372956064,0.927993839,0.66110171,-0.465903,-0.659825288,-0.335638751,-0.110701152,0.122562368,-0.370685321,0.50707987,0.732404746,-0.153743934,0.258093836,-0.294852008,-0.312536308,-0.946530508,-0.390913698,-0.38532778,-0.195231791,0.084517394,-0.591773187,-0.183986349,-0.100949561,0.296889076
Sep 2015,-1.775738705,-1.588018866,-1.375260359,-0.557167254,-1.514960141,-0.896955093,-1.136535575,-0.697534333,-1.748082586,-1.748638747,-2.737283816,-1.340836903,-0.932012545,-1.46444538,-1.413830824,-0.88089377,0.020195875,-1.047252474,-0.925883124,-1.048300575,-1.048007564,-1.039565929,-1.779415893,-1.544320169,-0.218738838,-2.270088782,-1.937406836,-1.907882667,-1.407797887,-1.528093112,-1.321558988,-2.747211689,-1.453029656,-1.819737408,-1.998299613,-1.768280264,-1.460304692,-1.152400672,-1.170987742,-1.770863758,-2.443943196,-1.85138393,-2.55471259,-1.958448154,-1.540033119,-2.194192624,-1.922428134,-0.866159013,0.071670721,-1.528154827,-1.034558019,-1.543228567,-0.42249445,-1.728487069,-2.005295305,-1.519565397,-2.819263924
Oct 2015,-1.03018791,-0.477863915,-1.696982972,-0.368064469,0.456499444,-0.410375715,0.276354498,0.086742969,0.434513553,-0.273938888,-0.594564147,0.421732968,-1.091480615,0.050555126,0.054561633,0.095982886,0.578009132,0.171113508,-0.022878601,0.285008769,-0.335109663,-0.634027482,-1.605697561,-1.671128748,0.778495665,0.543102888,-1.267339833,-1.386235866,0.242707203,-0.253972407,-1.651825028,-1.515530974,0.512499045,-1.504139193,0.338876117,0.826256054,0.001606742,0.005365868,0.001487653,-1.460383374,-1.384797895,-1.402810746,0.085831789,-0.107612538,-1.302183942,-1.228058411,-1.594977862,0.172857492,0.902240356,0.034784803,0.250834857,-0.624454617,0.072281417,-0.04544441,0.248086126,0.564345384,-1.083653344
Nov 2015,-0.808631933,-0.551007627,-0.544045758,-0.165857006,-0.323242382,-0.520099927,-0.092163845,-0.020611294,-0.457898779,0.145288611,0.271230397,-0.216567264,-0.354538596,-0.558955382,-0.381052383,0.089436008,-0.589089754,-0.424978681,-0.475857524,-0.567105091,-0.515944343,-0.276560372,-0.859884365,-0.655579081,-0.42872073,0.208700255,-0.72566205,-0.679827028,-0.411216499,-0.715619291,-0.467158435,0.109504449,-0.415605707,-0.62966156,0.508430156,0.60149087,-0.346389428,0.025176865,-0.584997208,-0.581929225,-0.457069642,-0.596851122,0.276368871,0.465551483,-0.535649102,-0.319277379,-0.540585837,-0.608960704,-0.29759303,-0.551868064,-0.229475774,-0.381970612,-0.886415572,-0.734946357,-0.076685259,-0.603111009,0.113924113
Dec 2015,-0.8228432,-0.876669512,-2.201357054,-2.001696546,-0.136395464,-1.89094983,-1.249249807,-0.770416156,-0.216274338,-1.38079659,-1.089806606,-1.273694224,-2.295223826,-0.496203615,-0.547043153,-1.17012591,-0.428307262,-1.74652914,-1.668252183,-0.483982123,-1.326450603,-2.066808674,-0.686713839,-1.253807181,-0.309057321,-0.431828891,-1.465838105,-0.461736074,-0.498898272,-0.709844895,-1.504964211,-0.79024644,-0.686416619,-1.227691982,-1.007586807,-1.293790675,-0.55737967,-0.731322521,-0.801750026,-1.109508196,-1.010549944,-1.192482689,-0.92991773,-0.727641567,-0.989580336,-0.750649164,-0.873969751,-0.668295723,-0.268196635,-0.683032458,-1.354512894,-0.896893577,-0.646621523,-1.140737373,-1.118947871,-0.567275384,-0.647392104
Jan 2016,-1.13344684,-1.333759124,-1.141425005,-0.732615417,-1.362821592,-1.109371441,-0.840718643,0.25970337,-1.096673276,-1.175679446,-0.642381445,-1.266150333,-1.406150321,-0.959212492,-0.847178995,-0.817477996,-1.211968117,-0.963392356,-0.951276351,0.291019365,-1.150248489,-1.407883671,-1.304948662,-0.897004389,-1.399709467,0.623697259,-0.618480317,-1.227084719,-1.292333082,-0.094104464,-0.914331901,-0.155805239,-1.574335207,-0.71691929,0.113312784,0.281404145,-0.722477759,-0.430671567,-0.292111241,-1.198163895,-0.5684917,-0.422040328,-0.808794819,-0.109707614,-1.403161816,-0.323201401,-0.816185489,-0.548916006,-1.244386884,-0.60773819,-0.80607627,-1.416740627,-0.562206487,-0.338952151,-1.201601823,-1.346451569,-0.211466048
Feb 2016,-0.633504551,-0.460585077,-0.331300305,-0.508271348,0.252851712,-0.378591996,-0.361222891,-0.019124188,-0.178098175,-0.03519797,0.326167009,-0.130276764,-0.245146709,-0.637169181,0.186567111,-0.224231993,0.3057623,-0.568117131,-0.495242649,-1.10915556,-0.325553255,-0.353318469,0.074667425,-0.677210419,0.243085784,-0.570895412,-0.053426164,0.099455863,0.355366564,-0.075630411,-0.74801436,0.031013111,0.790495676,-0.070687344,-0.327907191,-0.118130175,0.170544877,-0.448795112,0.047384806,-0.365964576,-0.0820275,-0.245401948,0.088400983,-0.750995516,-0.423842368,-0.661284851,-0.01546579,0.25139227,0.482370697,0.085903989,-0.426616157,-0.35084601,0.505590148,0.027628289,0.077742386,0.87471686,0.362059754
Mar 2016,-0.491040804,-0.552211933,-1.022991941,-0.600818205,-0.608323598,-0.188812754,-0.693694863,-1.466989235,-1.374805605,-0.892262604,-1.330808912,-0.576707514,-0.201018286,-1.838231452,-0.925785619,-0.894867105,-1.162052405,-0.305649466,-0.322915139,-1.77934693,-0.635385127,-0.277382364,-0.360764075,-0.715610384,-1.80532676,-1.673469387,-1.260746637,-0.81571039,-0.401103703,-1.54208295,-1.062005071,-1.217561697,-0.889328242,-0.884808616,-1.311007822,-1.495461441,-1.166516643,-0.680854782,-1.524196199,-0.81982574,-0.446610157,-1.070700876,-1.179926409,-1.195825844,-0.958701936,-0.796278482,-0.614508582,-1.617702936,-1.481595368,-1.310916541,-0.562583218,-0.661603966,-0.396803605,-1.432892034,-0.993217282,-1.17078132,-1.340401925
Apr 2016,-0.240114542,-0.652199781,0.77052098,-0.663478973,0.476004484,-0.153155995,-0.539631121,-0.92889559,0.061797276,-0.854801532,-0.145295355,-0.466865949,0.198001417,-0.272135572,0.61501907,-0.686021636,0.138940763,-0.500008649,-0.429272563,-0.58398739,-0.516576234,-0.063134163,-1.501288273,-0.241404913,-0.044391711,-0.525945604,-1.06390115,-2.0562553,0.535840634,-0.672741821,-0.347052986,-0.145866778,0.365302987,-0.83990241,0.147672118,0.119355175,0.548897739,-0.600211227,-0.541798099,-2.133098572,-1.530699056,-0.427161895,-0.119329728,0.007682025,-2.19353983,0.043839593,-1.078345822,-0.352346272,-0.026673265,0.62696359,-0.52662247,-1.269439739,0.157324806,0.655587541,-0.366628481,0.59259165,-0.277121899
May 2016,-0.076943129,-0.085544368,-0.177205016,-0.053083208,0.394256028,-0.635848696,0.120080924,0.332619146,-0.553828639,0.507011324,1.426281997,-0.117497226,-0.555402417,0.632902559,-0.34376183,-0.343505236,-0.169751674,-0.328351056,-0.42224656,0.994323974,-0.141826262,-0.603863642,1.072269201,0.004386707,0.326208031,-0.184034602,1.067008181,0.851481785,-0.020061762,0.236163606,0.085622237,1.139388276,0.42626036,1.254170907,0.696110684,0.552487351,-0.407835619,-0.111807358,-0.366482279,1.158353395,1.18927418,1.425980053,1.050801692,0.244749072,0.847133077,0.727575961,0.683850663,-0.099448919,0.274828509,-0.485520469,0.102833899,0.087112353,-0.455294173,-0.860526294,-0.091640341,0.344990841,1.055351876
Jun 2016,-0.969158709,-0.602752841,-0.980192206,-1.004589107,-0.678586649,-0.741979615,-0.621822802,-1.701413722,-0.830533266,-0.431006522,0.409856937,-0.680541145,-0.986127131,-1.040603485,-0.214278938,-0.563921211,-0.35142636,-0.756101986,-0.732302044,-0.769932118,-0.768395027,-0.777204787,0.306755837,-0.552178363,-0.466357436,-0.501837595,0.182118183,0.069967718,-0.255605787,-1.169509917,-0.61540413,0.180524711,-0.119492801,0.666877957,0.037393498,-0.2519023,-0.516195141,-0.173556868,-0.87144109,-0.383097408,0.208574544,0.286724338,0.315680551,-0.115313725,-0.352972111,0.14365068,0.221950932,-0.64445998,-0.146333698,-0.955818301,-0.76501787,-0.018098768,-0.207344912,-0.664292634,-0.396370692,-0.159148112,0.140299066
Jul 2016,-0.853195912,-0.828096928,-1.451750133,-1.243786565,-0.909871357,0.068451069,-0.836094097,-0.346264076,-0.293642414,-0.410154109,-1.425618541,-0.48795166,0.52910907,0.234740591,-0.659815773,-1.082703009,-0.461403298,-0.111621335,-0.263063468,-0.125648348,-1.308800296,0.377955663,0.219014615,-1.017661227,-0.074881816,0.880487682,-0.019718465,0.015672768,-1.044586241,0.147811093,-1.223992549,-0.47688599,-1.049998215,0.451004726,-0.435393599,-0.233586796,-0.543599894,-0.848789808,-0.27900621,0.06329427,-0.232037843,0.367247124,-1.174674432,-0.338219137,-0.042997137,-0.846142815,0.422095649,-0.128208537,-0.162853534,-0.373016364,-0.786447359,-0.486066718,-0.44951865,-0.272062072,-0.219171907,-0.84784224,-0.300968783
Aug 2016,-0.041188633,-0.124958094,-0.656332151,-0.304204051,0.177201008,-0.420615097,-0.37684727,0.016354281,-0.462701307,-0.51323463,-0.34073283,-0.00414925,0.008691561,0.194917864,-0.124020636,-0.232922018,0.557404373,-0.456921213,-0.538403752,0.266989957,-0.052070365,0.087250379,0.729454551,0.074359933,0.526995305,0.238955567,0.707701269,0.767987102,0.103955347,0.074030618,0.206812188,0.451204106,0.47555896,0.4239278,0.109361971,-0.016732527,-0.282439755,-0.049704181,0.054375463,-0.024519109,-0.24409406,0.292085502,-0.426075839,0.507031449,0.194684047,0.724449556,0.341093032,0.186713077,0.583148945,-0.372131609,-0.524755988,-0.064431575,0.763663825,-0.117435117,-0.700657134,0.647947186,0.145412963
Sep 2016,0.561376875,0.637864799,0.048878788,0.431643366,0.725505989,0.28219275,0.145690152,-0.643536902,0.631229759,-0.068800402,0.375571266,0.195020832,0.274959796,-0.879770272,0.424357166,0.398132835,-0.060287501,0.21198242,0.104425955,-0.622376654,0.489395295,0.388579352,0.802515292,0.489978706,-0.171418604,-0.653936423,1.107051336,0.921523041,0.589277897,-0.921568682,0.485256154,0.873662453,0.663411519,1.312305533,-0.798107295,-0.632179258,0.376615034,0.321271445,-0.02832608,1.198325849,0.809969984,1.764988916,0.221215134,-0.60581988,1.22725179,0.656099903,0.935113469,0.027214946,0.07248303,0.370604925,-0.063526024,0.802756724,0.075150533,0.561603132,0.070692021,0.619907255,0.56470443
Oct 2016,2.506504286,2.27746705,2.418661776,2.386135203,1.087430915,2.431938563,2.018988324,0.718016338,1.265576513,0.895262303,0.564573227,1.314335442,2.415752246,1.705894307,0.820849412,2.164716671,1.706044407,2.099949814,2.2516153,1.419786986,2.321038211,2.228992457,1.820910613,2.352300092,1.940362909,0.840575927,1.777016429,1.814775341,1.024054786,1.31232557,2.230609406,0.557145887,1.075316149,1.635961644,0.115917868,0.55007856,0.642534813,0.848362082,0.785031409,1.632408744,1.104209757,1.716319082,0.656179654,0.684145665,1.7382842,0.811862306,1.747355425,1.139630316,1.929993787,0.246063347,2.028597105,1.904389771,1.518024517,0.560606105,1.132207044,1.280771337,0.269053172
Nov 2016,-1.07511465,-1.20149632,-0.924995779,-0.376843432,-0.775065307,-0.381327611,-0.503781101,-0.392318917,-0.005590187,0.521690466,-0.17219116,0.579572607,-0.009118153,-1.018321344,-1.038407918,-0.586060776,-1.098748073,-0.62941926,-0.536912054,-0.510448418,-1.195492201,-0.081593259,-0.70257136,-0.595621061,-1.093830064,-0.173608171,-0.51478084,-0.683170247,-0.676772718,-1.024440966,-0.515313027,0.163670816,-0.876043905,-0.883169872,-0.794889973,-0.515403012,-1.410731625,-0.0185906,-0.675566892,0.043725328,-0.137153927,-0.803209686,-0.425657665,0.233437103,0.096760532,-0.428571814,-0.63654761,-0.67047375,-0.90973273,-1.296147724,-0.606937035,-0.909701341,-1.178438679,-0.870200517,0.286726801,-0.694670096,0.042829578
Dec 2016,0.177828251,0.102921955,0.855518734,-0.058883103,-2.562197795,-0.803802102,-0.448744499,-0.315185156,-2.057058192,-0.240190872,0.799979144,-1.065441199,-1.365430751,-0.917161729,-1.667266905,-0.501187656,-1.432732465,-0.809837619,-0.562314532,-0.302457037,-0.164032946,-1.437016481,0.51442489,0.366875622,-1.674583586,-0.108788346,0.558127202,0.8122879,-2.43979427,-0.393195774,0.399111163,0.962691084,-2.333407235,0.108100435,0.888606772,1.216232715,-1.42675718,-0.426892985,-0.489979083,0.447879653,0.354545629,0.172539514,0.521031696,0.850477097,0.433826223,1.253346144,0.142080044,-1.285087281,-2.016343526,-1.870245294,-0.436161337,0.191965853,-1.444837329,-1.778548289,-0.691605665,-2.033667986,0.904417512
Jan 2017,0.394489017,0.317063036,0.303970507,0.844625854,1.500579437,0.721893532,1.122872888,1.657676551,1.535875154,0.688841048,0.547779209,1.264086797,0.844178073,1.889624312,1.71962175,1.035397449,1.264480555,0.783378333,0.691973215,2.248964165,0.278359682,0.769690588,0.176502837,0.541783413,1.945015698,2.048185796,0.467172841,0.176569615,1.537320874,1.274336784,0.387235461,0.459757249,1.27366777,0.373310284,1.465285624,1.27698985,1.736548891,1.869399385,1.489538714,0.296415391,-0.01846754,0.443983812,0.411552617,0.446077533,0.481877322,0.49897783,0.563833226,1.174410172,2.067049594,1.155402894,0.949269379,0.467213492,0.792260127,0.974501526,0.724305542,1.323124377,0.749421899
Feb 2017,0.469224463,0.459252535,0.285367708,0.178382553,0.599489909,0.080380253,0.425256111,1.265899878,0.718349907,0.693851983,0.875554976,0.296336749,0.341828244,0.015102567,0.251657414,0.470641614,0.465518398,0.252927204,0.098465421,-0.051378434,0.397482438,0.353034579,0.648471527,0.395052449,0.749244267,0.523179235,0.039181362,0.667666379,0.48733823,1.019393799,0.483755666,0.774644186,0.610672995,0.501252449,0.997072017,0.989448051,0.305188015,0.614998072,0.894718686,0.671712256,0.550800493,0.401662183,1.190398175,1.068844801,0.719080139,0.865805081,0.606980419,0.992752529,0.784591051,0.488968748,0.308917483,0.587927056,0.258524317,0.226129136,0.560467652,0.409441214,0.877463906
Mar 2017,0.074554699,0.137743438,0.510392517,0.283184622,0.591479555,0.408582853,0.185358318,0.478852892,0.685838308,0.069787921,0.454257332,-0.108857504,0.42921678,1.352938294,1.050980149,0.033995739,1.00122997,0.503879051,0.482945256,1.204598013,0.545661122,0.565293574,0.601537213,0.185388636,0.935274395,0.823420109,0.775794743,1.032767351,0.673212542,0.910194299,0.251191722,0.677539969,0.701026207,0.341211153,0.560241982,0.355913876,1.129857816,0.841846579,0.710033079,0.704433645,0.269103231,0.358667698,0.634730948,0.5324621,0.63660127,0.688859111,0.250423269,0.65677166,0.749907433,1.029770643,0.355199327,0.180823838,0.713587368,0.741054737,0.345542958,0.405459421,0.796926872
Apr 2017,1.062573129,0.92497981,0.544435358,0.551095451,0.824470118,0.631452848,0.653370617,-1.000210355,0.17242957,0.172322434,0.281828976,0.331384891,0.51722149,-0.406876055,0.29556763,0.469690162,0.272178866,0.8341515,0.710454832,-0.186096795,0.837928456,0.618991199,0.60039483,1.403916293,0.006240712,-1.016794344,-0.05350169,0.905125684,0.575672516,-0.181144228,1.7381894,-0.250309925,0.90768642,0.171685774,-0.610107812,-0.804804409,0.056632674,-1.372071696,-1.02011011,0.635885541,0.206345793,0.371122897,0.837507997,0.658189197,0.797913196,-0.568849878,0.476844287,-0.51399303,0.049602627,-0.086659509,0.722278446,1.036762024,0.167950352,0.369407308,-0.318632236,0.814724967,0.103108404
May 2017,0.445045559,0.716471728,0.748455408,0.408870726,0.27652425,0.719354307,0.557857109,0.097858915,0.185512085,0.093975015,2.456682755,-0.18267362,0.97233349,0.352682355,-0.122962873,0.765405987,-0.242291356,0.80849634,0.545257433,0.467975028,0.601363549,0.770791627,0.724787012,0.373790631,-0.24172158,0.229999469,1.390235737,0.866882243,-0.003471284,0.89974636,0.336122656,1.90092496,0.054753791,0.861503586,1.828457093,2.070774673,-0.250735073,0.179499826,-0.057404976,0.785305655,1.679167624,0.937872067,1.969546173,2.50589749,0.818435688,2.142848918,0.330245345,0.656984256,-0.397782347,-0.277699045,0.565553836,0.806532399,-0.708609439,-0.307162216,0.079614051,-0.040392998,2.45546528
Jun 2017,1.941746142,1.613531597,2.058031848,2.030365583,2.030957587,1.484963833,1.337784048,2.079126853,2.197199067,1.560529626,1.053199551,1.855498446,1.135421042,1.686156373,2.569523446,1.584955943,1.527991351,1.693873049,1.514301085,1.34286387,1.680315818,1.261965256,0.897292879,1.97488577,1.609643584,1.582089054,0.509521045,1.117677308,1.999190862,1.562801126,1.875961772,1.164762153,0.708712109,0.783938533,1.48333591,0.886329568,2.806211262,1.627812215,1.841287812,1.427101222,1.77988959,0.592971612,1.416799491,1.529674318,1.35782478,1.689329338,0.972907334,1.636546091,1.603911625,2.467492792,1.367235259,1.358992006,1.54926704,2.026791732,1.57264127,0.792860448,1.189671345
Jul 2017,1.214863098,1.278941597,0.955118458,1.376749896,0.852515885,1.135345853,1.510213543,0.544531344,0.455489639,0.873112875,1.578070245,0.546349312,0.868411491,0.613408551,0.607095663,1.384890566,0.401849898,1.049340358,1.070862688,1.03018961,1.51538016,0.840244985,0.975064281,1.343699889,0.762730727,1.215108201,2.356554331,0.677824598,0.819276321,0.876360082,1.101957476,1.939470768,1.386940943,1.240008918,1.252137528,1.08346702,0.531419351,0.56628455,0.492454613,1.421043456,1.960009862,1.412480045,1.736764192,1.755577039,1.421172905,1.755190099,0.893791881,0.643101017,0.807533369,0.196515689,1.312841377,1.345188534,0.462117807,0.272084799,1.341035653,1.232249943,1.798427184
Aug 2017,0.555250488,0.584374215,0.749692339,1.92019361,2.282354399,1.313150695,1.685637405,1.955474226,1.885277325,1.025606089,0.81857822,1.563595837,0.895434125,1.515911704,1.857456284,1.782988768,0.670082969,1.389569834,1.535142591,1.834465279,1.007447741,0.832031656,0.319756154,0.414181642,1.298944947,1.381014022,0.005520748,0.655990059,2.300569987,2.631588855,0.222085127,0.390769271,2.22625969,0.090457462,1.040812294,0.742707995,1.634344181,2.127262403,2.781175775,1.109017663,0.863643483,0.101630862,0.740175773,0.053161654,1.014298078,0.413818717,0.364784457,2.89937618,1.437835519,1.557413716,1.649518278,0.665748241,0.86461511,1.603300616,1.341893748,1.821118781,0.369273057
Sep 2017,-0.185473861,-0.102940252,0.785135946,0.221728887,0.089226522,0.434130799,-0.364633094,0.031845932,0.011228382,-0.788337483,-0.509350226,-1.257325199,-0.077193847,0.583381328,-0.038848544,-0.122536236,-0.120242266,0.397459081,0.312302282,0.302029095,0.2561639,0.10610921,-0.342924938,-0.48676968,-0.028602312,0.068569398,0.122004433,-0.249749504,0.175092416,0.650357775,-0.618677409,-1.123077897,0.648756523,-0.102995296,-1.375474538,-0.916349606,-0.183039458,-0.405955537,0.209331053,0.105212468,-0.166263488,0.259798459,-0.336492755,-0.3701307,-0.06697906,-1.37489856,-0.501544746,0.482707002,0.0466452,-0.590310224,-0.103803146,-0.147965306,-0.286835189,-0.841654701,-0.484256539,0.283113368,-0.858955127
Oct 2017,1.428308323,1.10047747,0.863159325,1.051618011,1.128457017,0.895774882,0.938048035,0.469383004,1.47899323,1.45085981,1.218078291,1.246998586,1.139578189,1.367355927,1.396728629,1.155758745,0.69375511,0.76768467,0.793295393,1.209221031,1.312813047,1.044126542,1.102516896,1.389094239,0.68554246,0.869950164,1.388204948,0.482144463,1.390129604,0.858195073,1.288440543,1.027189539,0.958117194,1.416328991,0.26834494,-0.176828816,1.44449525,0.865257596,0.720413875,0.6878541,1.016410911,1.557795758,1.459674132,1.6332565,0.760102092,1.325330204,1.396050714,0.843613344,0.439475498,1.254337741,0.840581651,0.743033716,0.63878072,0.61718888,1.24834016,0.73713924,1.028313804
Nov 2017,-1.163038135,-0.586293787,-0.492488684,-0.003526492,-1.230957878,0.57339196,-0.072850156,-0.967705233,-0.961430183,-0.322144789,-0.46678199,-0.00128769,0.015956152,-1.479610276,-1.002032391,-0.238090141,-1.066433908,0.475304274,0.425642172,-1.338257513,-0.139434556,-0.066774187,0.371767038,-1.147576896,-1.163608335,-0.758181382,-0.655477463,0.813869653,-1.265935338,-1.467237732,-1.1649041,-0.415995932,-1.350952176,-0.443794743,-0.74404556,-1.053929893,-0.925056093,-0.214959007,-0.883583195,-0.205033271,-0.673194891,-0.770764855,0.088510423,-0.148423413,-0.246962165,-0.159678735,-0.183692305,-0.77955529,-0.89092117,-1.030705052,0.064559566,-0.220979769,-0.683037617,-1.044107509,-0.215087164,-1.057506797,-0.302442336
Dec 2017,-0.53617597,-0.873579433,0.108315671,-1.084293161,-0.739471526,-0.455578777,-0.751355267,0.313389022,-0.059299903,0.070495224,-0.400647008,0.20059988,-0.671332385,-0.434660101,-0.181508016,-1.069859845,-0.163638309,-0.421760205,-0.572507281,-0.629970186,-0.827278429,-0.590967925,-0.588749388,-0.160087262,0.03296325,0.017343554,-0.217661265,-0.750582774,-0.554334636,0.192957896,-0.367441707,-0.790556916,-0.248925661,-0.542637606,-0.500159368,-0.543987716,0.007357138,-0.077761974,0.188242371,-1.146219931,-1.086348006,-0.405016738,-0.155907628,-0.257773164,-1.141847949,-1.008113717,-0.727304447,-0.125563699,0.28905215,0.282237633,-0.684139118,-1.071862663,0.237105779,0.173516765,0.378393498,0.162831505,-0.50819863
Jan 2018,1.75631408,1.894622375,1.78328794,1.725195313,1.016824307,1.192673168,1.765700702,1.187282557,1.142634789,0.884574774,1.196314335,1.326807396,0.975807427,1.89449485,1.120972754,1.851297336,1.103978127,1.245624902,1.358870123,2.512699955,1.890659764,0.941321784,2.126734705,1.548028989,1.628770676,1.314381676,1.793782867,2.219519647,0.963396503,1.525459911,1.595349423,1.712558121,0.612593845,2.019124666,0.731152651,1.072526603,1.094615214,1.055563595,1.384330645,2.235495059,1.751518799,1.991760349,0.846864308,1.478559275,2.393104531,1.809506217,2.059608825,1.295177929,1.482576326,1.143440443,1.64357419,2.019826649,0.75843157,1.629557849,1.081699404,0.754318293,1.562898292
Feb 2018,-0.585224175,-0.569460011,0.13620641,-0.402453845,-0.044402819,-0.578206255,-0.115391833,-1.121738774,-0.321075995,0.071619058,0.174724636,0.106254975,-0.340048913,-0.722205879,-0.103175777,-0.310943334,-0.707073792,-0.483490229,-0.607372977,-0.793182371,-0.246356008,-0.344365944,-0.150461091,-0.39282813,-0.780480927,-0.713307687,-0.270753548,-0.140769274,-0.023632577,-1.165993278,-0.153686711,-0.055745493,-0.426918978,-0.109734818,-0.686809418,-0.799243018,-0.159504124,-0.568744465,-0.917555033,0.256774883,0.395570604,-0.147002899,0.358046116,-0.296755444,0.117436923,0.018777614,-0.234230737,-0.94754659,-0.676293865,-0.497722069,-0.292761818,-0.600933594,-0.703531247,0.036053791,-0.080815206,-0.494393585,0.074926007
Mar 2018,-1.402798671,-1.374632799,-1.086217114,-0.878947195,0.098150923,-0.961964321,-0.870278943,-0.606221067,-0.026483064,0.212922679,-0.140500145,-0.089278451,-0.752758164,-2.253181397,-0.065796517,-0.819749579,-1.299133257,-1.069942387,-1.048883957,-1.724286447,-1.248667407,-0.838459703,-0.462151232,-1.025524067,-1.956125453,-0.288563093,0.125821315,-0.109855396,0.115466123,-1.226230636,-0.803817503,-0.301494038,-0.083757666,-0.16530161,-0.413223363,-0.785889983,-0.130975723,-0.317616309,-0.510345111,0.327774957,-0.139539203,0.192455305,0.152080734,-1.197461134,0.375156822,-0.465577277,-0.82371554,-0.691213099,-1.608936208,-0.095759647,-1.012988522,-1.146279892,-0.419728911,-0.253370737,0.098887479,-0.284590923,-0.135427183
Apr 2018,2.117854347,2.522423055,2.307856497,1.586788625,1.486369586,1.605274711,1.392507441,0.772813859,1.737269866,1.926740273,0.174807,1.652987266,1.376948143,1.26302659,1.350697357,1.693249268,0.969143811,1.318813878,1.492114162,1.74861024,1.59143356,1.207099996,1.290312048,2.036992199,0.783487891,0.889948461,1.161785677,1.5844348,1.549519235,1.014597026,2.067015899,0.824888967,1.435819911,1.211995895,1.548162235,0.456965032,1.380641523,1.04036424,0.858981611,2.158005358,0.813710173,1.010086584,0.920794573,1.409781721,2.512623478,0.330299563,2.42652587,1.133377105,0.938654709,1.778004596,1.30490989,2.959198325,0.573567768,1.172824806,2.32300731,1.190487995,0.492085963
May 2018,0.507090128,0.370803605,0.182542712,0.482983075,1.527019504,0.180784624,0.741242802,1.048491894,2.648996534,1.241568378,0.380363827,1.265203582,-0.362370093,0.625017087,0.873694617,0.253377049,0.898407782,0.428707155,0.474992132,1.17726817,0.653968761,-0.052609114,-0.208145664,0.115815797,0.611401797,0.179323469,0.226200305,-0.277283109,1.146280595,0.359808457,-0.180028226,1.047410862,1.281546783,0.000202126,1.073255576,1.468237096,0.717285487,1.167165892,0.99995409,0.727888346,1.688470634,-0.022143398,0.176953493,0.260777044,0.486723514,0.562353345,0.279437976,0.703291203,0.63371473,0.944059455,0.732504476,-0.008539803,1.284474252,0.921171926,2.030578559,1.45569698,0.685725341
Jun 2018,0.390818519,0.150126797,0.058118397,0.41698297,0.521453112,0.242167243,0.029174344,-0.992349003,0.382417756,-0.031652967,0.026701244,0.220326666,-0.025881277,0.003110152,0.806137911,0.060900407,-0.342185417,0.08832488,0.318682935,-0.588137832,0.10399529,-0.141992714,0.333673194,0.694034091,-0.21557411,-0.805707958,1.018040133,0.590508308,0.444336334,-0.589271629,0.660398952,0.032986782,-0.013032507,0.331101865,-0.447177889,-0.75823449,0.939518843,0.092031426,-0.596299366,0.178357693,-0.100843698,0.689035115,0.058620004,0.43992742,0.308257523,0.999187508,0.343926555,-0.399351402,-0.27554231,1.058183322,0.043803317,0.218790807,-0.412778578,0.498764979,-0.15732856,0.158882779,-0.168357332
Jul 2018,0.318855923,0.309911804,0.45332844,0.513531519,-0.225689877,0.274459147,-0.628117416,-0.346667493,-0.784970105,-0.295160128,0.683823832,-0.580413262,0.202520858,-0.568553108,-0.174606381,0.430702648,0.420944136,-0.159580927,-0.124066222,-0.540229449,0.940743327,-0.290350396,0.5072846,0.665284558,-0.071479676,0.011353141,1.100356957,0.119495246,-0.291311373,-0.834778567,0.865734316,-0.064342643,-0.46012262,1.112616246,-0.108132313,0.193428571,0.118955363,-0.739650979,-0.910868458,0.391905035,-0.139117132,1.184086556,0.865885279,1.005027097,0.527921589,0.050029654,0.897386252,-0.661015581,0.029332675,-0.219175672,-0.572830479,0.173006596,0.907611615,-0.372810385,-0.548132037,-0.042195514,0.505210878
Aug 2018,1.185689249,1.204926518,1.796193109,1.655374566,0.400089902,1.309161206,1.205690989,1.139039767,0.30121995,1.086299449,1.216558367,0.824808498,1.595972124,1.424566225,0.650588534,1.582448978,0.920403784,1.349456003,1.312223276,1.400536347,1.490237219,1.481625392,1.794034835,1.107976084,0.912337929,0.671714917,1.298676489,1.523673177,0.678968166,1.617836273,1.244689215,0.765362229,0.671737725,1.73883801,0.890887942,0.608638366,0.619952848,0.64555093,1.065617387,0.945752593,0.584186485,1.503053514,1.136602777,0.991196983,1.121516504,0.210051158,1.434190012,1.033465146,0.726329468,0.441165667,1.291474303,1.116644279,1.022372591,0.618796833,0.687587517,0.739708566,0.925492615
Sep 2018,-1.206673404,-0.714876976,-0.937977236,-0.495327891,1.254805763,-0.432580632,-0.264333822,0.499707497,1.196566782,0.755219916,1.230714047,0.554799781,-0.154791448,1.373970522,0.761000701,-0.306469855,0.475478894,-0.458244781,-0.514368427,1.352872199,-0.534915826,-0.003103665,-0.262631537,-1.091453965,1.174289157,0.692454521,0.18220664,0.119112796,1.075391178,1.258709117,-0.666098452,0.086601943,1.439731625,-0.319385002,-0.258153472,-0.081955614,0.743822427,-0.068383339,0.624027644,0.951756118,1.269351272,-0.219541711,1.766880388,0.820997058,0.689256809,0.044654698,-0.683572084,0.851471415,1.082108576,1.130550463,-0.31046673,-0.354284765,0.145939244,1.125596871,0.913077144,1.345344748,0.576022074
Oct 2018,0.674506092,0.547557102,0.632925832,0.1986401,-0.214551995,0.312409792,0.799908375,0.032842027,-0.028671302,1.167861649,0.883920298,0.290950979,-0.011887571,0.451441459,-0.030503277,0.873322646,-0.233575606,0.347370284,0.272126233,0.20235869,0.884825197,0.008684755,0.530698129,0.650995662,0.037580755,-0.359383109,0.747913384,0.339454321,-0.126433349,0.287834876,0.810530133,0.440832929,0.650352509,0.690044464,0.509946293,-0.041209831,-0.003259146,0.320876521,0.270172566,0.831659147,0.405201542,0.654149605,0.951057943,-0.172157858,0.803569857,0.281495605,0.626432112,0.136917013,-0.046573785,0.02676438,0.576352842,0.322580191,0.114405025,-0.34844539,0.273099319,0.648775978,0.433372921
Nov 2018,1.820775725,1.31637364,1.062294942,1.310392382,1.088477518,1.689528304,1.631175167,1.054589019,0.569073612,1.76817345,0.605970392,2.043568971,1.34370664,0.485605967,1.317786856,1.167260422,0.487173172,1.983645189,1.810961671,0.78169341,0.961790601,1.550637932,0.145542595,1.830296107,0.329664747,1.198386013,-0.558404218,-0.041725378,1.33970722,0.705724125,1.531887194,0.537087935,1.50052873,0.093484734,1.005267431,1.492894078,1.192251409,0.554631407,0.712602537,0.751909988,1.269397201,0.182937585,0.91515713,1.30620476,0.590401193,0.994475753,1.200258389,0.407068231,0.443729918,1.187749286,1.751914444,0.753831382,0.402825511,1.725768203,1.467829545,1.47817961,0.389109897
Dec 2018,-1.927012423,-1.771961194,-1.113287903,-0.795837924,-1.672086201,-0.194216795,-0.877641391,-0.819860876,-0.575046594,-0.449847907,-1.451414389,-0.301974153,-0.046117543,-0.505229063,-1.369925716,-1.054633355,0.014074956,-0.342877246,-0.335953134,-1.120425626,-1.171081938,-0.116846483,-1.334661121,-1.790308215,-0.473509028,-0.681919933,-1.018606838,-1.102698323,-1.825306156,-0.926798797,-1.889155819,-0.759584229,-1.867965703,-1.35572865,-0.392202919,0.221318311,-1.079915807,-0.866729243,-0.788015853,-1.466430356,-1.602267538,-1.164529241,-1.078888027,-0.693530761,-1.380470054,-0.090208441,-1.149427212,-0.841074781,-0.563647219,-0.769522403,-0.716352607,-1.684420145,0.309128875,-0.856543271,-0.204085976,-1.220613921,-0.914669646
Jan 2019,-0.313119836,-0.188589591,-0.589657717,-0.436466617,0.729954206,0.014440271,-0.077576604,-0.686005723,0.165425819,-0.075074533,0.661207936,-0.573087801,0.013541212,0.444224984,0.611522404,-0.349616529,0.239962075,0.227140341,-0.002878111,0.096044074,-0.143591832,-0.012270516,-0.149282205,-0.237547077,0.000942893,0.388674628,-0.188183069,0.019045282,0.504868297,0.006643222,-0.196104603,0.682794842,-0.146818166,0.06289836,-0.365485891,0.047338473,0.572228336,-0.789484546,-0.649937859,0.246576982,-0.027908051,-0.066086085,0.694902313,0.782681339,0.099344117,0.783433298,-0.035743607,-0.375916835,-0.09616439,0.246744147,0.000546788,-0.157197777,0.23125514,-0.14390111,-0.129540018,-0.151102404,1.042957139
Feb 2019,0.762391301,0.842194469,0.794678049,0.424713293,-0.964898425,0.276746908,0.061511781,-0.345184927,-0.353893065,-0.106573803,-0.380490507,-0.32446593,0.436568918,-0.099745267,-0.413145188,0.258317978,-0.196418703,0.254389518,0.183021584,-0.352325806,0.823862883,0.40632507,0.469357156,0.783157008,-0.044979874,-0.152547272,0.692424714,-0.071079862,-0.855786888,0.050787386,0.965279949,-0.305613913,-1.088681238,0.904566839,-0.046139217,-0.396907962,-0.293785008,-0.073473868,0.029063962,-0.392403919,-0.619792057,0.958750804,-0.037904512,0.207078993,-0.082012572,-0.300111683,0.924714583,-0.041044485,-0.089094745,-0.620718161,0.079379989,0.843330637,-0.258642556,-0.797110881,0.028950033,-0.696419918,-0.185144265
Mar 2019,-1.337545624,-1.254226632,-1.333339583,-1.106004487,-2.370645646,-1.329604599,-1.944855349,-2.043882439,-2.135728676,-1.470738644,-1.70011182,-1.089960351,-1.430844588,-1.600053716,-2.389275087,-1.24157266,-2.105779287,-1.57020386,-1.421546121,-1.550125122,-1.130443213,-1.493641128,-1.247180346,-1.421892324,-2.455499618,-1.389775341,-1.336906214,-0.993088569,-2.099742569,-2.3388638,-1.328290941,-1.647019386,-2.046615919,-1.253180798,-1.481043821,-1.162696908,-2.556450252,-2.097630396,-2.471137347,-0.720146656,-0.906455975,-1.2501051,-1.210995709,-1.42882706,-0.76498966,-1.413347138,-1.2288045,-2.744596771,-2.725252987,-2.12585605,-1.876154305,-1.143763064,-2.334271881,-1.657777822,-1.587781379,-2.284749289,-1.848201284
Apr 2019,-0.562368484,-0.322383877,-0.1755036,-0.28142142,-1.156640157,-0.03525617,-0.352473117,-0.103061422,-0.636422083,-0.597840919,0.142006459,-0.113417292,-0.172410983,-0.180777496,-0.715254161,-0.143220009,0.126615246,-0.086179512,-0.117926427,0.074681002,0.064068433,-0.23520286,-0.91261849,-0.538186278,-0.50526643,-0.838974438,0.141803875,-0.936814176,-1.056769519,-0.440757447,-0.226362986,0.198814019,-0.341848429,-0.685339595,0.821481305,1.477596221,-0.565700997,-0.734913896,-0.470885639,0.097476669,0.445441122,-0.404679543,-0.236320424,-0.148352896,-0.026403434,0.263238656,-0.971681654,-0.116206242,-0.351592464,-0.327454672,-0.298774012,-0.547869815,0.025297413,-0.404620211,-0.454948091,0.185172896,0.116588833
May 2019,-0.022248296,0.246350392,0.535931837,0.407011088,0.445369809,0.420475,0.342226085,-0.40703378,-0.82938944,-1.377657984,-0.176349732,-1.090271598,0.552048574,1.009060122,0.009498385,0.042729343,1.061704833,0.440576959,0.38703614,0.662732286,0.308252139,0.63744405,0.136642299,-0.18364772,1.137331883,0.509095318,-0.324172219,0.576275223,0.364255145,-0.407641578,-0.166376857,0.006021655,2.471395264,0.044812412,-0.004950179,-0.035777737,-0.037771887,0.11089917,-0.068500181,0.94699011,0.995190263,-0.201402136,-0.594618917,-0.256572033,0.638719057,-0.359011315,-0.254354025,0.2490131,1.353922217,0.194832398,0.401995677,0.148758776,1.311678947,0.119045015,-0.517493165,2.397120467,0.073452286
Jun 2019,0.65282893,1.206807293,1.772836268,1.060135986,-0.664672328,0.606292738,-0.251584291,0.554430903,-0.178974632,0.078873994,1.038548327,-0.182894569,0.858642537,0.480407765,-0.606060439,0.434897057,-0.485566048,0.521146496,0.412967494,0.284314762,2.102126024,0.7269583,-0.981550688,0.569520863,-0.181980817,0.627736725,0.111277665,-0.593189358,-0.59138367,-0.160712003,0.527901876,1.891049123,-0.664709072,-0.634090404,1.863158284,2.089140813,-0.500343739,0.592444076,-0.005002473,0.690570233,0.102607552,-0.442039914,1.138868698,2.052783201,0.816338861,0.81698942,-0.703015292,-0.3470899,-0.431783563,-0.161138987,-0.121740756,1.125925163,-0.728462448,-0.502411247,0.632225025,-0.7479082,2.175872244
Jul 2019,0.073450308,-0.21488754,0.341158725,0.386813113,-0.008073468,-0.054664444,-0.242277627,0.07765579,-1.067576097,-1.68467585,-0.341031133,-1.776497854,0.969768322,0.347623589,-0.157193752,0.001083822,-0.309690793,0.013342096,-0.253172991,0.326795366,0.162414711,0.747928374,-0.662968841,0.056431545,0.327440894,-0.073137415,-0.858721655,-0.626032587,0.053804345,0.16485488,0.063101536,0.256722602,-0.162494402,-0.737420979,-0.070271828,-0.367682819,-0.270432064,-0.184344125,-0.223178686,-0.48688501,-0.366966128,-0.823327025,-0.688069272,-0.736927477,-0.550724331,-0.29512347,-0.599998938,0.286183033,0.035803803,-0.69508989,-0.281549805,-0.486747632,-1.132415903,-0.452635373,-1.455304099,-0.336455225,0.309069574
Aug 2019,-0.707081796,-0.570367838,-1.064469855,-0.745975925,-0.814010258,-1.732771563,-0.898198566,-0.991724515,-0.4413101,-0.855860804,-0.619109554,-0.318934127,-1.19446303,-1.236803664,-0.912492602,-0.666249304,-1.263778226,-1.679434572,-1.586977196,-1.223990232,-0.627935664,-1.02950921,0.426807426,-0.847832551,-1.40869358,-0.716124826,0.435050983,0.447934272,-0.90401878,-1.075586587,-0.949558923,-1.128508869,-0.739224302,0.207406042,-0.418947073,-0.445349997,-0.682118774,-0.973577776,-0.805854787,-0.010950428,-0.529334525,0.216704519,-0.702004496,-0.724561811,-0.034571483,-1.154136683,-0.328441866,-0.955303253,-1.586891244,-1.291730891,-1.04908584,-0.360996973,-1.137808415,-1.803980831,-0.795093268,-0.983510978,-1.00683066
Sep 2019,-0.14081161,0.244352598,-0.606988852,-0.469677773,-0.407888735,-0.976492088,0.491976342,-1.393829388,-0.430256637,-0.77132398,-2.317838027,0.401596246,-1.193206281,-1.542788651,0.348577869,0.418335065,-0.759572491,-0.502258513,-0.630206753,-0.914707756,-0.041713575,-0.999396612,0.702762097,-0.580775642,-0.969323987,0.237693989,0.319736275,0.491961954,-0.264699002,-1.553591121,-0.703920188,-1.251911673,-0.715813863,0.540308967,-1.170955723,-0.088645369,0.604206453,-1.947568225,-1.449023779,0.231806812,-1.052895713,0.302627733,-2.315335535,-0.552315294,0.533611958,-0.939940007,0.776198441,-1.473102014,-0.983803197,0.626299295,0.15005564,0.66943932,-0.10926094,0.74808172,-0.7346435,-0.714095017,-1.4362865
Oct 2019,0.361333736,0.609895807,-0.422855374,-0.917515694,-0.27909385,-0.651881541,0.175362913,0.924627395,1.063843947,1.467919096,0.730451419,0.560198744,-0.563732013,1.95591142,-0.276578661,-0.196834435,0.644127447,-0.140754536,-0.487472986,1.396402859,-0.073731616,-0.425660779,1.111078877,-0.050092007,1.764584125,0.657095688,0.462428356,1.052086026,-0.482212787,1.258814733,0.005886273,0.792654285,-0.32810999,0.775945256,0.979302332,1.238393101,-0.112551511,1.344421621,1.286277083,-0.150664585,-0.042324309,0.746790483,1.038909393,0.213609033,0.238081163,0.278252425,0.589701289,1.381266802,1.584532212,-0.095414367,0.055156781,0.768650383,-0.088891004,-0.475597351,1.375260927,0.075300935,0.828419083
Nov 2019,-0.512605995,-0.735939171,-0.483354191,-1.095583362,-0.264608348,-1.306233894,-1.762185246,-1.03489242,-0.694150054,-1.787761478,-1.620483139,-1.754295879,-1.659159088,-0.645891659,0.207689922,-1.447279842,-0.125802357,-1.414244858,-1.324713455,-0.935457274,-0.934461754,-1.431457258,-1.137109542,-0.561486836,-0.64179742,-1.387032163,0.292546293,-1.357732387,0.171887358,-0.494987529,-0.801551642,-0.73565553,-0.598372796,-0.467604448,-1.367920957,-1.299840807,0.233245415,-0.838500995,-0.669480047,-2.053700685,-1.173452683,0.026514936,-1.990669956,-1.114342694,-2.135720105,-0.389916565,-0.79270198,-0.641404893,-0.703398668,0.099130734,-1.759403778,-1.05911534,0.351428252,-0.237733195,-1.521771886,-0.647306536,-1.073513766
Dec 2019,-0.54658212,-1.046705845,-0.834615538,-1.190930291,-1.021883469,-1.429709297,-1.043335894,0.532986367,-0.305979195,0.082157969,0.193786081,-0.703981627,-1.483250357,-0.458484593,-0.712541852,-1.275276592,-0.724694311,-1.057649468,-1.20330833,-0.098089384,-1.081103597,-1.198187345,-1.004781349,-0.007707577,-0.593405869,0.862323087,-1.507735925,-1.09456579,-1.009132986,-0.117495733,0.184276955,0.036324799,-1.225338274,-0.900399546,-0.260245952,-0.299293527,-0.51369744,0.020240995,0.241046328,-1.480507637,-1.107222985,-0.83411428,0.788675547,0.331224013,-1.445771133,0.202326771,-0.717307348,0.083475599,-0.380091462,-0.435778177,-1.049999794,-1.237023475,-0.341160175,-0.456166704,0.241997981,-0.78749958,0.072242335
Jan 2020,0.370169224,0.514729797,1.204649492,0.341057215,0.453921694,0.343299264,0.739114155,-0.740373044,0.143283454,0.405973333,0.298097426,0.57523705,0.532857025,0.005296491,0.145243966,0.782341263,0.084349449,0.606530624,0.386418007,0.014033931,0.628326824,0.690448942,0.496190468,0.694848199,-0.093522609,-0.713202154,0.010279324,1.095884854,0.166187946,-0.340328688,0.793243755,-0.119552288,0.763973734,0.4442661,-0.561191294,-0.474743915,0.22697105,-0.601417372,-0.127437861,1.474273812,1.251355092,0.422452653,0.118036001,0.003623029,1.313235042,0.282859551,0.437288533,0.170522341,-0.154579925,0.305001532,0.68391657,0.589758199,0.362319588,0.333362698,0.379419449,0.852384752,-0.008013432
Feb 2020,-0.159036428,-0.265385115,0.399527037,0.288624759,0.050308505,0.30710952,-0.044069191,0.252357091,-0.042132657,-0.361148916,-0.744087933,-0.728892376,-0.068468579,0.174435346,0.112785926,0.056094147,0.299835088,0.055267217,0.325286927,0.225956595,-0.301268828,-0.172190913,-0.246631114,0.231979659,0.352090262,-0.386433262,-0.917877454,-0.130441048,0.059457747,0.254280804,0.233699997,-0.667073139,-0.281093156,-0.315518494,0.16965592,0.153941973,0.186569471,0.054415857,0.10487119,-0.640550782,-1.292349059,-0.335953198,-0.128830667,-0.505356017,-0.433140213,-0.803903276,-0.322394109,0.043668289,0.590714804,-0.180486166,0.016693518,-0.24377423,0.298975265,-0.927527323,-0.203873354,0.139794177,-0.526429243
Mar 2020,-1.403359866,-1.612008759,-1.53584122,-1.805296446,-1.631392165,-1.569435523,-2.179869504,-2.140022605,-1.744330454,-2.119965046,-2.127783249,-1.466148343,-1.261953874,-2.284671978,-2.246596151,-1.678382188,-1.685407714,-1.940092992,-1.862700548,-2.111393596,-1.79064584,-1.487723007,-2.520431878,-1.044107383,-2.58227513,-2.079681336,-0.719928979,-2.825980079,-1.72058283,-2.255377952,-1.226650458,-1.734682233,-0.763622143,-1.306437854,-2.017468705,-1.642801769,-2.449945885,-1.707071318,-2.202636868,-2.081364118,-2.198667144,-1.148016227,-2.06233283,-2.292348482,-2.269646031,-1.494103321,-1.514129193,-2.267717659,-2.390374693,-2.008700391,-2.328520099,-1.618517498,-1.283624638,-1.503301586,-1.362621066,-1.281037054,-2.038329965
Apr 2020,-0.404688628,-0.051122941,-0.384331508,0.123244726,0.266512624,0.111005291,-0.157621551,0.043880304,-0.166839318,0.096299439,0.057597623,-0.974906071,-0.634828669,0.101088405,0.332690066,-0.650638404,0.738148568,0.065220966,0.186090955,-0.036840679,0.281009475,-0.55379671,-1.148587157,-0.155108977,-0.290921469,-0.102813567,-0.660780848,-0.856638331,0.638791677,0.315801176,0.01503205,-1.343154731,0.257096003,-1.607938476,-1.639080718,-1.612295107,0.030180739,-0.119740194,0.482555428,-1.12083707,1.204991566,-1.355472633,0.239238253,-1.688480582,-0.984593972,-0.245479264,-1.851830305,0.384078974,-0.306669316,0.151075823,-0.198548317,-0.032474711,1.143475358,-0.015942674,-0.290500042,0.139683926,-1.190524532
May 2020,0.609294322,0.936671686,0.005424667,0.701803162,0.930221388,0.149642558,1.137110985,0.630722488,1.678542665,1.038281283,0.501527548,0.979401367,-0.415433962,0.436849754,0.853400979,1.37050705,1.02051188,0.515388817,0.432972657,0.325977878,1.35794915,-0.2979335,-0.700363971,-0.005751853,0.874111231,1.008191686,-0.198272983,-0.538436204,0.729393235,0.664856142,-0.236498374,1.225108344,0.577964539,-0.5306172,0.393086582,1.339311213,1.161929269,0.690388421,1.188868535,0.270324409,-0.228110602,-0.650281931,0.052349523,0.664198529,0.256968583,1.257827161,-0.189939226,1.16932873,1.005953011,1.045889451,0.993742211,0.64459867,1.043255048,0.805835898,0.431283271,0.599374913,0.786203235
Jun 2020,1.068655203,0.72684354,0.813776794,2.154889575,0.577456568,1.210055747,1.071953393,0.807242383,0.509362205,0.40977964,0.311588471,0.472504859,1.471912986,0.617564834,1.039468586,1.563520209,1.356974472,1.148788498,1.341424699,0.895197956,1.161273837,1.410316337,0.97185595,1.687018017,0.954549766,0.481978786,0.933820911,0.975831634,0.701287963,0.404423345,1.875190661,0.337090403,0.1748898,1.041582418,-0.435337185,-0.159193645,1.018788053,0.868668324,0.879443501,1.417400169,1.036519834,0.892790009,0.460446179,0.740538856,1.375112127,0.584682135,1.209513161,0.498572306,0.960205136,0.927852535,1.266771106,0.678101682,1.240942772,0.945576494,0.418953503,0.094773572,0.632955676
Jul 2020,-0.292646844,-0.454460165,-0.344608338,-0.607391692,0.458534289,1.069799555,-0.447040648,1.843436663,1.738688912,0.34695487,0.998927767,0.532061354,1.927508603,1.67462268,0.547392657,-0.826231531,1.241484342,1.061571522,0.531726056,2.239486104,-0.646771682,2.010072892,0.556448776,0.064912007,1.363144244,1.645236196,2.220720205,0.417687019,0.40686245,1.973695282,0.252930079,0.695192399,0.80709157,0.952572563,1.735362757,1.645851303,0.582407173,1.95695272,2.161620135,-0.030908259,0.542990877,1.447454988,0.705518012,0.459998164,-0.271347256,0.426885473,0.1633985,1.94242279,1.343841201,1.016785703,-0.181649382,-0.606582936,0.704982206,1.519835721,0.928454416,1.257606361,0.865941784
Aug 2020,-0.65942511,-0.638264287,-0.963828968,-0.296694602,0.217637373,0.202436103,-0.267318481,0.840478935,-0.274215834,-0.486550749,0.072746492,-0.112436402,0.161534545,0.20355636,0.045168151,-0.532501575,1.286091923,0.389525518,0.177875345,0.389443967,-0.751210117,0.257569669,0.022148257,-0.817883871,0.368833864,1.87103151,0.960792287,-0.059854886,0.314826367,0.429193819,-0.971837797,0.263697594,0.398439424,0.22571848,1.457725594,1.414337488,0.002606418,0.275967218,0.413746656,-0.14882373,0.016889356,0.204655487,0.236342089,0.011787297,-0.296930959,0.516458557,-0.233625433,-0.018550603,0.355017608,0.023365422,-0.10255172,-0.660074457,1.355225448,-0.079064321,-0.303275056,0.343908559,0.268078591
Sep 2020,2.025223928,1.91084775,2.017396264,2.263972488,0.65988068,0.999702409,1.510199891,-0.17295646,0.968677472,1.28112966,1.061781905,1.165160438,0.634848603,-0.081899074,0.493469275,2.135446575,0.366850042,1.034581507,1.313137392,0.119856487,2.377056203,0.721749241,1.092793334,1.89672159,0.469844563,1.110303412,1.395556604,1.365845299,0.58054103,-0.011701293,1.751476222,1.192677042,0.293893777,1.301147286,0.408736626,0.945907559,0.531065833,-0.159562316,-0.051854761,1.264507791,1.061795342,1.307035347,1.007074484,1.070370732,1.355547159,1.203793023,1.247861842,0.443987789,0.638215607,0.379959616,1.500470821,1.702094971,0.566770684,0.674647789,0.906642573,0.146410394,1.151547194
Oct 2020,1.078328051,0.989889949,0.52373376,0.585868031,2.071945349,0.691053787,0.769915231,1.036474566,1.786342174,0.846289981,1.902046756,0.703766357,0.727069335,0.741467026,2.239970756,0.785006446,1.408312572,0.763150621,0.718567629,0.873137367,0.582125436,0.772651705,1.583409357,0.788190959,0.749635191,1.772201512,1.31337335,1.753086412,2.202418401,1.251234008,0.577509043,2.242515402,2.164987469,1.367465908,1.603205422,1.675802503,2.256574735,1.40134724,1.115952133,1.319797118,1.783081586,1.235643663,1.760028864,1.667790782,1.099923084,1.737881326,1.312069,1.223321599,0.82417001,1.648966891,0.761804386,0.906196998,2.858578402,1.470081703,0.966822397,2.59318552,2.388964792
Nov 2020,0.38039129,0.232603545,0.364053031,0.195280436,0.320569723,0.062142714,0.155681098,-0.588373277,-0.114940157,-0.230874079,0.630836263,0.291496078,0.454746123,-0.111504161,1.482294028,-0.124693763,0.306129161,0.134431436,0.089028383,0.241500356,-0.061644715,0.476754475,0.525429709,0.529940469,0.447901404,-0.453044927,0.186968014,0.426381147,0.977684701,-0.393711893,0.806728355,0.789913753,0.108994471,1.139894136,-0.221191448,-0.279570351,1.357095739,-0.216999745,-0.480142805,0.39321822,-0.451631865,1.137804743,0.756842158,-0.165934523,0.486000847,1.16568345,1.136877253,-0.115724977,0.51671077,0.764801198,0.25461785,0.225632933,0.069824348,1.839521725,0.03769508,0.114744793,0.620781854
Dec 2020,0.231326462,0.420574395,0.515899673,0.686870066,2.014946299,0.511238232,0.120184037,1.620281647,1.798825765,1.295435535,1.450086675,0.623960808,0.598034269,0.739234908,1.876580863,0.571501,1.485571949,0.404846457,0.415417567,1.487394383,0.791679679,0.588706525,0.671473752,0.013632694,0.797408859,2.304662065,0.77372577,0.324252093,2.186599357,1.217526687,-0.050591579,0.804372748,1.403356055,0.730383065,1.216708888,1.888059964,1.805602914,1.564214,1.25032534,0.423650182,0.127637285,0.899033023,2.053335737,1.372160483,0.444167277,0.592044255,0.733327002,0.799221646,0.832376056,1.586111605,0.167904533,0.420064039,0.757455768,0.925391591,0.823984759,1.062252081,1.220036775
